{"1054628471":{"set_owner":"306398602","group_type":"SuperGroup","settings":{"lock_tgservice":"no","lock_inline":"no","lock_emoji":"no","member":"no","public":"no","lock_video":"no","lock_audio":"no","lock_sticker":"no","lock_bots":"no","lock_spam":"yes","lock_cmd":"no","lock_poker":"no","lock_contacts":"no","strict":"no","lock_tag":"no","lock_reply":"no","lock_documents":"no","lock_photo":"no","lock_share":"no","lock_number":"no","lock_gifs":"no","lock_arabic":"no","lock_text":"no","lock_media":"no","lock_badwords":"yes","lock_link":"yes","lock_fwd":"no","set_name":"Support 《 AntiSpam 》™","flood":"yes","username":"no","lock_english":"no","lock_rtl":"no","lock_all":"no"},"moderators":{"219745562":"(at)Sajjad_hitler","188813923":"(at)AntiSpam74"},"long_id":"$05000000775adc3ecfb3a49558e5c694"},"groups":{"1054628471":1054628471,"1055430347":1055430347},"1055430347":{"set_owner":204234599,"group_type":"SuperGroup","long_id":"$05000000cb96e83e148bfec469e23e4f","moderators":{"323210377":"(at)Sskkllhh"},"settings":{"lock_tgservice":"no","lock_inline":"no","lock_emoji":"no","member":"no","public":"no","lock_video":"no","lock_audio":"no","lock_sticker":"no","lock_bots":"no","lock_spam":"yes","username":"no","lock_poker":"no","lock_contacts":"no","strict":"no","lock_tag":"no","lock_reply":"no","lock_rtl":"no","lock_photo":"no","lock_share":"no","lock_number":"no","lock_gifs":"no","lock_arabic":"no","lock_text":"no","lock_media":"no","lock_badwords":"no","lock_fwd":"no","lock_documents":"no","set_name":"Support 《 Tele King 》™","flood":"yes","lock_all":"no","lock_english":"no","lock_link":"yes","lock_cmd":"no"}}}